Title,Price,Link
"Համակարգչի, հեռուստացույցի հենակ, մետաղական, Monitor stand, подставка для монитора, տեղափոխումը մեր կողմից",5000 ֏,https://www.list.am/item/22338546?ld_src=2
Վաճառում եմ հեռուստացույց ЛОС,8000 ֏,https://www.list.am/item/22463920?ld_src=2
"8K 60Hz (fiber optic) 5m HDMI cable 2.1 (4K 144Hz) for PS5 / PS4 Real 3D games, for 8K 4K monitor",10000 ֏,https://www.list.am/item/23051060?ld_src=2
"8K 48Gbps 4.5m HDMI cable 2.1 (4K 144Hz) for PS5 / PS4 Real 3D games, for 8K 4K monitor",10000 ֏,https://www.list.am/item/23051064?ld_src=2
TYPE-C to TYPE-C 3.2 cable 20Gbps / 8K @60Hz ULTRA HD video / 100W PD Fast charging 80cm,4000 ֏,https://www.list.am/item/23299156?ld_src=2
"Մոնիրոր 19"" монитор, monitor 19 inch",7000 ֏,https://www.list.am/item/22493221?ld_src=2
Блок питания для монитора 12V 36W 3A 6.5 * 4.4 LG monitor power adapter նոր,6000 ֏,https://www.list.am/item/21387042?ld_src=2
Блок питания 12V 60W 5A 5.5 * 2.5 power adapter նոր,7000 ֏,https://www.list.am/item/21387789?ld_src=2
Блок питания 12V 36W 3A 5.5 * 2.5 power adapter նոր,5000 ֏,https://www.list.am/item/21387807?ld_src=2
Блок питания 12V 72W 6A 5.5 * 2.5 power adapter նոր,8000 ֏,https://www.list.am/item/21387776?ld_src=2
DP 2.1 Cable With Braid 16K30Hz/10K60Hz/8K60 Hz/4K * 4K120Hz/4K240Hz 40Gbps 2m DisplayPort 4k 240Hz,10000 ֏,https://www.list.am/item/21580286?ld_src=2
IG 24MP58va-p մանիտոր,10000 ֏,https://www.list.am/item/21572694?ld_src=2
Արյան Ճնշումը և զարկերակային արագությունը չափող թվային ապարատ,8000 ֏,https://www.list.am/item/22039271?ld_src=2
Power Supply LG for monitor 19V 2.1A Connector Size: 6.5 * 4.4,7000 ֏,https://www.list.am/item/23473010?ld_src=2
Lg մոնիտոր flatron w1943ss-pf,10000 ֏,https://www.list.am/item/22362041?ld_src=2
"Մոնիտոր 5"" դույմ",5000 ֏,https://www.list.am/item/20654456?ld_src=2
HP Compaq մոնիտոր էկրան համակարգչի,6000 ֏,https://www.list.am/item/23449844?ld_src=2
Պատվերով Mersedes-benz sprinter,250 ֏,https://www.list.am/item/23404898?ld_src=2
"High Quality USB 3.0 Type A to B Cable - Data transfer speed 5 Gb/s cable, 3մ երկարություն / Monitor to PC",10000 ֏,https://www.list.am/item/20677733?ld_src=2
19 HD մոնիտոր DELL / Samsung / Philips / LG,8000 ֏,https://www.list.am/item/23009738?ld_src=2
Շատ լավ որակի DVI To DVI Cable 1.5m,2000 ֏,https://www.list.am/item/14912698?ld_src=2
"Դաստակի Որակյալ Ճնշման ապարատ էլեկտրական, տոնոմետր, автоматический тонометр, նոր, տուփով",8000 ֏,https://www.list.am/item/21447971?ld_src=2
"HDMI Switch-Splitter 4 Port, разветвитель, 1 սարքին 4 մոնիտոր միացննելու համար, Սվիչ, ՆՈՐ, տուփով",8000 ֏,https://www.list.am/item/21444360?ld_src=2
"Monitor LG Flatron 17""",8000 ֏,https://www.list.am/item/23442172?ld_src=2
"VGA Splitter, Switcհ 4 Port, разветвитель, 1 սարքին 4 մոնիտոր միացննելու համար, Սվիչ, ՆՈՐ, տուփով",8000 ֏,https://www.list.am/item/21320839?ld_src=2
Display port to Display port,1500 ֏,https://www.list.am/item/22490473?ld_src=2
LG 1900R մոնիտոր,10000 ֏,https://www.list.am/item/18567685?ld_src=2
"Դաստակի որակյալ էլեկտրական Ճնշման ապարատ, տոնոմետր, որակյալ, նոր, տուփով",8000 ֏,https://www.list.am/item/21077814?ld_src=2
Համակարգչի մոնիտոր,10000 ֏,https://www.list.am/item/23367256?ld_src=2
"HDMI to LAN Adapter մինչև 30m LAN, HDMI to RJ45 connector Extender, նոր, տուփով",4000 ֏,https://www.list.am/item/18786957?ld_src=2
"Մոնիտոր acer 17""",10000 ֏,https://www.list.am/item/21301273?ld_src=2
Մոնիտոր LG W1942S / 19 Դյույմ անկյունագիծ / VGA / Flatron,8500 ֏,https://www.list.am/item/21773789?ld_src=2
"Monitor LG / 19"" / Առաքում /",5000 ֏,https://www.list.am/item/22711425?ld_src=2
Մոնիտոր մանիտոր զադնի կամեռայի համար հայելի և շիտոկին դրվող Առաքում,10000 ֏,https://www.list.am/item/21458992?ld_src=2
Ճնշման ապարատ չափիչ ապարատ գործիք դաստակի тонометр Прибор для измерения давления Blood pressure monitor,10000 ֏,https://www.list.am/item/20475781?ld_src=2
Փակվող մոնիտոր իր տեսախցիկով,9500 ֏,https://www.list.am/item/21946951?ld_src=2
"Monitor 17 դույմի Dell ֆիրմայի, իդեալական աշխատում է",10000 ֏,https://www.list.am/item/13554047?ld_src=2
"Dell monitor 17 դույմ, vga, գերազանց վիճակում",10000 ֏,https://www.list.am/item/14286722?ld_src=2
"Benq 17 դույմի monitor դինամիկով, գերազանց վիճակում է",10000 ֏,https://www.list.am/item/13554033?ld_src=2
"Մոնիտոր Samsung 20"" գտնվում է շատ լավ վիճակում",10000 ֏,https://www.list.am/item/23072771?ld_src=2
"Xiaomi 70mai Parking monitor Hardwire Kit UP02-micro USB, UP03-Typ-C for All model Xiaomi 70mai Dash Cam",6000 ֏,https://www.list.am/item/22725223?ld_src=2
Hyundai elantra 2018 monitor,10000 ֏,https://www.list.am/item/20295466?ld_src=2
"Մոնիտոր 19"" LG L1960TR 1280 x 1024 HD 602hz Monitor Монитор QARAKUSI",4000 ֏,https://www.list.am/item/19749581?ld_src=2
Monitor PHILIPS 20.0 HD 203V5L (1600x900) 60HZ,10000 ֏,https://www.list.am/item/22917852?ld_src=2
Ջերմաչափ Խոնավաչափ անլար Xiaomi Mi Mijia 2 Temperature and Humidity monitor sensor Термометр Mi Home Smart,4000 ֏,https://www.list.am/item/20476222?ld_src=2
5V 1A micro-USB սնուցման ադապտեր – լայն կիրառման 300հատ,500 ֏,https://www.list.am/item/23303032?ld_src=2
LG Flatron W1954SE,10000 ֏,https://www.list.am/item/23341791?ld_src=2
LG flatron w1934s,10000 ֏,https://www.list.am/item/22168613?ld_src=2
Usb to vga adapter,10000 ֏,https://www.list.am/item/21569801?ld_src=2
Soni model: CPD-E 100E մոնիտոր պահեստամաս,2000 ֏,https://www.list.am/item/22771369?ld_src=2
"Մոնիտոր, էկրան, монитор",7000 ֏,https://www.list.am/item/22123534?ld_src=2
VGA լար Համակարգչի մոնիտորի,1000 ֏,https://www.list.am/item/23434761?ld_src=2
"Մոնիտոր Fujitsu L20T-3 LED, 1600x900, 76 HZ",6000 ֏,https://www.list.am/item/22394462?ld_src=2
Tft color monitor,5000 ֏,https://www.list.am/item/20675311?ld_src=2
Դինամիկ Dell AX510PA Speaker Soundbar,5000 ֏,https://www.list.am/item/21282158?ld_src=2
Dell AX510PA Speaker Soundbar for Monitor ST2220L ST2320L,5000 ֏,https://www.list.am/item/21277262?ld_src=2
Acer Monitor V193HQV 47cm Գտնվում է գերազանց վիճակում,10000 ֏,https://www.list.am/item/20597330?ld_src=2
Մեքենայի վիդոռեգիստրատոր ORSKEY S900 videorecording видеорегистратор,10000 ֏,https://www.list.am/item/21188958?ld_src=2
Հեռուստացույցի կախիչներ` Bracket for 19-22 LED monitor,9000 ֏,https://www.list.am/item/21204295?ld_src=2
Monitor Dell 1703 FPT,10000 ֏,https://www.list.am/item/23419727?ld_src=2
"Переходник Кабель Lightning To Hdtv (Hdmi) Cable 2M 1080P HD/Adapter Cable for iPhone, ադապտեր",9500 ֏,https://www.list.am/item/23469493?ld_src=2
Հեռուստացույցի կախիչներ` Bracket for 19-22 LED monitor,9000 ֏,https://www.list.am/item/22754728?ld_src=2
Philips 170b մոնիտոր,10000 ֏,https://www.list.am/item/21982042?ld_src=2
Ugreen HDMI 1 * 2 Splitter 4k 30hz 1080p 60hz HDMI 1x2 Splitter,10000 ֏,https://www.list.am/item/22824534?ld_src=2
LG Flatron W1943S,7000 ֏,https://www.list.am/item/21358958?ld_src=2
Ճմշման ապարատ տոնոմետր tonometr Перезаряжаемый наручный тонометр Upper Arm Blood Pressure Monitor,9900 ֏,https://www.list.am/item/20694383?ld_src=2
"Մոնիտոր, Monitor, համակարգչային էկրան + նվեր տեսախցիկ (video camera) + ստեղնաշար",5000 ֏,https://www.list.am/item/22303569?ld_src=2
Մոնիտոր LG Flatron 19EN33S-B,9000 ֏,https://www.list.am/item/23363837?ld_src=2
Monitor CTX PV-510,10000 ֏,https://www.list.am/item/23218285?ld_src=2
"Adapter DP to HDMI, Cable DP to Hdmi",3000 ֏,https://www.list.am/item/23469137?ld_src=2
"Կիա օպտիմա Մագ, փոքր էկռան",5000 ֏,https://www.list.am/item/22608509?ld_src=2
Jeep Compass display մոնիտոր անսարք,10000 ֏,https://www.list.am/item/21607215?ld_src=2
"4K HDMI Switch-Splitter 4 Port, разветвитель, 1 սարքին 4 մոնիտոր միացնելու համար",7000 ֏,https://www.list.am/item/23333439?ld_src=2
Մոնիտոր Elro es3400 монитор европейский,5000 ֏,https://www.list.am/item/23422145?ld_src=2
Հերթերի համակարգ,10000 ֏,https://www.list.am/item/21899320?ld_src=2
DVI-L 24 + 5 (29pin) to VGA original monitor adapter + անվճար առաքում,3500 ֏,https://www.list.am/item/14596543?ld_src=2
HDMI to 2xHDMI monitor video adapter - (- մալուխ -) + առաքում,4000 ֏,https://www.list.am/item/14596738?ld_src=2
Մոնիտոր շատ լավ վիճակում,5000 ֏,https://www.list.am/item/23098977?ld_src=2
LG monitor Flatron1940S 19 *,5000 ֏,https://www.list.am/item/23227047?ld_src=2
Fujitsu 22 դույմ LED մոնիտոր,8000 ֏,https://www.list.am/item/23125977?ld_src=2
Համակարգիչի մոնիտոր HP NK570A,8500 ֏,https://www.list.am/item/23453493?ld_src=2
"Монитор 19"" LG Flatron W1943SE-PF/HD/monito r/մոնիտոր Կանխիկ և Փոխանցումով Առաքում",5000 ֏,https://www.list.am/item/22294994?ld_src=2
"Monitor 22"" դյույմ BenQ DL2215-B / Մոնիտոր / монитор /կանխիկ + փոխանցումով և առաքում",4000 ֏,https://www.list.am/item/22767747?ld_src=2
"Մոնիտոր Philips 206V3L / 20"" դյույմ / Monitor / монитор /կանխիկ + փոխանցումով և առաքում",4000 ֏,https://www.list.am/item/22767908?ld_src=2
"Մոնիտոր LG W2243S-PF / 21.5"" դյույմ / Monitor / монитор /կանխիկ + փոխանցումով և առաքում",9000 ֏,https://www.list.am/item/22767645?ld_src=2
"Մոնիտոր Philips 200V4LAB / 19.5"" դյույմ / Monitor / монитор /կանխիկ + փոխանցումով և առաքում",4000 ֏,https://www.list.am/item/22767506?ld_src=2
"Մոնիտոր BenQ GL2250-T / 215"" դյույմ / Monitor / монитор /կանխիկ + փոխանցումով և առաքում",10000 ֏,https://www.list.am/item/22766464?ld_src=2
"Մոնիտոր SAMSUNG S22C300B / 21.5"" դյույմ / Monitor / монитор /կանխիկ + փոխանցումով և առաքում",7000 ֏,https://www.list.am/item/22766510?ld_src=2
"Մոնիտոր LG W2242S / 22"" դյույմ / Monitor / монитор /կանխիկ + փոխանցումով և առաքում",9000 ֏,https://www.list.am/item/22766565?ld_src=2
"Մոնիտոր PHILIPS 226V6QSB6/00 / 21.5"" դյույմ / Monitor / монитор /կանխիկ + փոխանցումով և առաքում",7000 ֏,https://www.list.am/item/22766590?ld_src=2
"Մոնիտոր LG 22EA53T-P / 21.5"" դյույմ / Monitor / монитор /կանխիկ + փոխանցումով և առաքում",10000 ֏,https://www.list.am/item/22767426?ld_src=2
"Մոնիտոր LG IPS226V-PN / 21.5"" դյույմ / Monitor / монитор /կանխիկ + փոխանցումով և առաքում",6000 ֏,https://www.list.am/item/22766621?ld_src=2
"Մոնիտոր DELL SE2219H / 21.5"" դյույմ / Monitor / монитор /կանխիկ + փոխանցումով և առաքում",7000 ֏,https://www.list.am/item/22766652?ld_src=2
"Wifi ռադիոդայակ, Видеоняня с телефона радионяня, Մանկական տեսադայակ տեսախցիկ, Видео няня video baby monitor",8900 ֏,https://www.list.am/item/22767261?ld_src=2
Xerox մոնիտոր անսարք,1500 ֏,https://www.list.am/item/22905686?ld_src=2
"Dell 17էկրանով LCD Մոնիտոր, գտնվում է գերազանց վիճակում, VGA մալուխի տեղով",10000 ֏,https://www.list.am/item/22397310?ld_src=2
"ViewSonic LCD 17դույմ էկրանով մոնիտոր, գտնվում է լավ վիճակում, հարմար է կամերաների համար",10000 ֏,https://www.list.am/item/22358485?ld_src=2
"Samsung LCD Monitor 17դույմ էկրան, գործարանային լավ վիճակում, հարամար է կամերաների համար",10000 ֏,https://www.list.am/item/22358526?ld_src=2
"HDMI to VGA Adapter, Gold-Plated HDMI to VGA Adapter (Male to Female) / New",2900 ֏,https://www.list.am/item/19256378?ld_src=2
Պահեստամաս Chevrolet Volt Սպիդոմետրի մոնիտոր,10000 ֏,https://www.list.am/item/22431991?ld_src=2
Mercedes w211 restyle մագ,100 ֏,https://www.list.am/item/22890682?ld_src=2
Վիդեոռեգիստրատոր ORSKEY S900 2MP դիմացի և ետևի տեսախցիկով,10000 ֏,https://www.list.am/item/22797257?ld_src=2
"19"" ЖК монитор Topview A1981Wx (LCD, Wide, 1440x900, D-Sub)",6000 ֏,https://www.list.am/item/22531396?ld_src=2
"Монитор для компьютера LG 19""",7000 ֏,https://www.list.am/item/21199548?ld_src=2
PH չափող սարք հողի համար,3500 ֏,https://www.list.am/item/21548161?ld_src=2
Վիդեոռեգիստրատոր ORSKEY S900 2MP դիմացի և ետևի տեսախցիկով,10000 ֏,https://www.list.am/item/21188959?ld_src=2
"Монитор LG 19M38A, 1366x768, 75 Гц, TN",10000 ֏,https://www.list.am/item/22138455?ld_src=2
Монитор LG 19 дуймов,5000 ֏,https://www.list.am/item/22701650?ld_src=2
Monitor Монитор LG,8000 ֏,https://www.list.am/item/23431755?ld_src=2
Wattmetr 220volt 16 amper,10000 ֏,https://www.list.am/item/19880193?ld_src=2
Монитор старая модель,3000 ֏,https://www.list.am/item/22891327?ld_src=2
LG monitor էկրան 19 դույմ,7000 ֏,https://www.list.am/item/23466878?ld_src=2
Car monitor Բարձր Որակի հայելիով և սովորական մանիտորներ zadni կամեռա միացնելու համար մանիտոր հայելի Առաքում,10000 ֏,https://www.list.am/item/21461595?ld_src=2
"Монитор 27"" Dell S2718H /մայրպլատա/ New",10000 ֏,https://www.list.am/item/20481637?ld_src=2
Վիդեոռեգիստրատոր ORSKEY S900 2MP / Видеорегистратор ORSKEY S900 2MP,10000 ֏,https://www.list.am/item/22720715?ld_src=2
ViewSonic на запчасти,8000 ֏,https://www.list.am/item/23318808?ld_src=2
LG Flatron L1960TR monitor display մոնիտոր монитор дисплей,10000 ֏,https://www.list.am/item/23036923?ld_src=2
Dell E198FP monitor display մոնիտոր монитор дисплей,9000 ֏,https://www.list.am/item/23041857?ld_src=2
"Samsung 713N 17"" չի աշխատում",5000 ֏,https://www.list.am/item/22133822?ld_src=2
Մանիտոր Dell/Монитор Dell,5000 ֏,https://www.list.am/item/23226577?ld_src=2
"PC Display, Screen Մոնիտոր 17"" (43.2 см) Viewsonic VP171S",10000 ֏,https://www.list.am/item/22780647?ld_src=2
DVI to VGA converter,5000 ֏,https://www.list.am/item/19307317?ld_src=2
Монитор Philips 223VLSB FULL HD,9000 ֏,https://www.list.am/item/23301153?ld_src=2
Մոնիտոր XEROX 17 դույմ,5000 ֏,https://www.list.am/item/20755090?ld_src=2
Монитор Dell ST2310,5000 ֏,https://www.list.am/item/23463642?ld_src=2
"LG մոնիտոր, монитор, monitor",6000 ֏,https://www.list.am/item/23092880?ld_src=2
Համակարգիչի մոնիտոր HYUNDAI (монитор компютера),5000 ֏,https://www.list.am/item/22144985?ld_src=2
"Samsung Մոնիտոր տեսախցիկների համար 19"" VGA LCD монитор monitor էկրան NVR DVR",5000 ֏,https://www.list.am/item/21505474?ld_src=2
Usb type-c to vga adapter usb c to vga,7000 ֏,https://www.list.am/item/21478815?ld_src=2
Монитор 19 Дюймов,4000 ֏,https://www.list.am/item/23274227?ld_src=2
ЖК-монитор HP L1706 17-дюймов,4000 ֏,https://www.list.am/item/23234204?ld_src=2
Монитор AOC e950Swn,10000 ֏,https://www.list.am/item/23233895?ld_src=2
Dell 1703FP Monitir,4000 ֏,https://www.list.am/item/23233831?ld_src=2
Hp W2207 Monitor,9500 ֏,https://www.list.am/item/23313166?ld_src=2
Մոնիտոր Benq FP72E,4000 ֏,https://www.list.am/item/20937133?ld_src=2
"Մոնիտոր DELL, արծաթագույն",8000 ֏,https://www.list.am/item/22764453?ld_src=2
DVR XVR Մոնիտոր Монитор Monitor էկրան screen,9000 ֏,https://www.list.am/item/21482212?ld_src=2
Նոր ադապտեր HDMI to VGA adapter փոխարկիչ,4000 ֏,https://www.list.am/item/18036483?ld_src=2
Հոսանքի սնուցման բլոկներ 5v 12v 48v Блок питания оригинальный адаптер монитор LG Original,1000 ֏,https://www.list.am/item/21905029?ld_src=2
Մոնիտոր монитор philips,10000 ֏,https://www.list.am/item/21536624?ld_src=2
USB3.0 to HDMI Adapter Converter,3000 ֏,https://www.list.am/item/21289170?ld_src=2
Игровая приставка для TV Dendy Data frog Y2 PLUS 8 bit HDMI + 600 Игр 4K 600 խաղ 2 վահանակ,8000 ֏,https://www.list.am/item/21915330?ld_src=2
Samsung SF355 LED Monitor 19,4000 ֏,https://www.list.am/item/23334283?ld_src=2
Монитор 19 дюйма + առաքում,8000 ֏,https://www.list.am/item/19105369?ld_src=2
Монитор LG W1943SE-PF + առաքում անվճար,10000 ֏,https://www.list.am/item/19711005?ld_src=2
Դելլ E190S Մոնիտոր,8000 ֏,https://www.list.am/item/19915315?ld_src=2
DP to HDMI-compatible Cable Adapter Male To Female 1080P + առաքում,3000 ֏,https://www.list.am/item/18233788?ld_src=2
"DVI-D to VGA переходник/adapter (նոր) для ноутбука, для монитора + առաքում",3500 ֏,https://www.list.am/item/20280181?ld_src=2
Monitor Samsung 22 duim led,10000 ֏,https://www.list.am/item/23439638?ld_src=2
24H Parking monitoring Power / Վիդեորեգիստրատորի 24ժ լիցքավորման սարք,7000 ֏,https://www.list.am/item/21181257?ld_src=2
"17"" Монитор HP L1750, 1280x1024, 77 Гц, TN",10000 ֏,https://www.list.am/item/19770583?ld_src=2
Վաճառում եմ համահարգչի մոնիտոր,8000 ֏,https://www.list.am/item/23220452?ld_src=2
"HP LV2011 մոնիտոր / monitor / монитор / մոնիտորներ (20"") – լավ վիճակ",10000 ֏,https://www.list.am/item/23156467?ld_src=2
"19"" Wide մոնիտոր / монитор / monitor / մոնիթորներ, լավ վիճակ",5000 ֏,https://www.list.am/item/23156482?ld_src=2
"19–20"" LG/ LG33S մոնիտոր օգտագործված լավ վիճակում, մոնիտորներ / монитор / monitor",5000 ֏,https://www.list.am/item/23156506?ld_src=2
UGREEN Mini HDMI to HDMI Cable 1.5m (Model 11167) * QR shop *,4990 ֏,https://www.list.am/item/23026303?ld_src=2
Монитор Lg в хорошем состоянии,5000 ֏,https://www.list.am/item/23236842?ld_src=2
INA3221 трехканальный монитор высокого тока,1500 ֏,https://www.list.am/item/21777613?ld_src=2
"19"" wide մոնիտորներ քանակություն լոգիստիկ monitor монитор",8000 ֏,https://www.list.am/item/17920733?ld_src=2
Lg w1942s մոնիտոր նորի պես քանակաություն,7000 ֏,https://www.list.am/item/18119452?ld_src=2
ՊԱՀԵՍՏԱՄԱՍ Մոնիտորներ монитор monitor էկրան Samsung LG Philips AOC BenQ,3000 ֏,https://www.list.am/item/21526915?ld_src=2
17 դույմ մոնիտոր Sony SDM-E76A,8000 ֏,https://www.list.am/item/21450059?ld_src=2
"17"" Монитор HP L1706, 1280x1024, 76 Гц",9000 ֏,https://www.list.am/item/21449965?ld_src=2
"17"" Монитор LG Flatron L1760TQ, 1280x1024, 75 Гц",7000 ֏,https://www.list.am/item/21450062?ld_src=2
19 դույմ մոնիտոր Philips 193v5l խազով,8000 ֏,https://www.list.am/item/21451288?ld_src=2
"19"" Монитор Acer AL1916W, 1440x900, 75 Гц, TN",10000 ֏,https://www.list.am/item/21446612?ld_src=2
"17"" Монитор LG Flatron L1732S, 1280x1024, 75 Гц",8000 ֏,https://www.list.am/item/21446622?ld_src=2
"17"" Монитор LG Flatron L1753S, 1280x1024, 75 Гц",10000 ֏,https://www.list.am/item/21450040?ld_src=2
Samsung ls19c150 թեթև խազ LED-монитор,10000 ֏,https://www.list.am/item/21450048?ld_src=2
Монитор mirai a170e2 (17 дюймов) /օրիգինալ օգտագործված մոնիտոր,8000 ֏,https://www.list.am/item/21057924?ld_src=2
"17"" Монитор BenQ G700AD, 1280x1024, 76 Гц",8000 ֏,https://www.list.am/item/21057980?ld_src=2
UGREEN 40744 конвертер VGA + HDMI * mishop.am *,9990 ֏,https://www.list.am/item/22927649?ld_src=2
Մոնիտոր samsung 17 դյույմ,800 ֏,https://www.list.am/item/22003448?ld_src=2
Монитор Самсунг рабочий,4500 ֏,https://www.list.am/item/23350982?ld_src=2
"HDMI Cable V2.0 Ultra HD 4K/60Hz 18GB/sec - 1.5M, 3M - 90 Degree 90 Градус - Ультратонкий 3,5мм - GCR",6000 ֏,https://www.list.am/item/23383362?ld_src=2
"Кронштейн для ТВ HDL-117B-2, диагональ 14-55 дюймов, наклонно- поворотный, чёрный",10000 ֏,https://www.list.am/item/23155340?ld_src=2
"Համակարգչի հին մոնիտոր GTX, Старый компьютерный монитор",10000 ֏,https://www.list.am/item/22106154?ld_src=2
Манитор на автомобиль,10000 ֏,https://www.list.am/item/21010906?ld_src=2
"Монитор Dell LSD 17 дюймов > Очень хорошее состояние, никаких проблем / С кабелем VGA",10000 ֏,https://www.list.am/item/22635379?ld_src=2
"Մոնիտոր Monitor / монитор 19"" Samsung SyncMaster 961BW, 1440x900, 75 Гц",8000 ֏,https://www.list.am/item/21328943?ld_src=2
"Մոնիտոր 19"" Монитор Topview A1981Wx, 1440x900, TN",8000 ֏,https://www.list.am/item/21328931?ld_src=2
HDMI Switch 3 to 1 с кнопкой переключения * SMARTBOX *,3990 ֏,https://www.list.am/item/19098630?ld_src=2
"Մոնիտոր BenQ V920/18,5""/ 1366768 (HD) /Monitor/монитор",5000 ֏,https://www.list.am/item/22791505?ld_src=2
